x,y,z,r,half,branch
-160.7525193,-118.6720745,-7.125869,53.9653464,177.0347193,2
66.1045014,17.5465536,-0.6030538,34.9147225,0,0
-118.403913,-65.6112237,81.760504,56.8811808,0,0
1.1572599,-66.8434618,-46.4314214,32.6073286,0,0
124.0914855,30.4868092,66.269984,53.5388617,0,0
62.4638004,-74.8795821,-43.2366289,28.306142,0,0
-83.9368285,-21.1025785,-42.7953248,63.0697291,0,0
-3.8469949,-97.5532284,67.109851,61.9446127,0,0
40.8763866,-62.8658615,2.667441,22.8237875,0,0
0,0,0,32.4815517,0,0
